STATE,STATENAME,ST_CASE,PEDS,PERNOTMVIT,VE_TOTAL,VE_FORMS,PVH_INVL,PERSONS,PERMVIT,COUNTY,COUNTYNAME,CITY,CITYNAME,MONTH,MONTHNAME,DAY,DAYNAME,DAY_WEEK,DAY_WEEKNAME,YEAR,HOUR,HOURNAME,MINUTE,MINUTENAME,TWAY_ID,TWAY_ID2,ROUTE,ROUTENAME,RUR_URB,RUR_URBNAME,FUNC_SYS,FUNC_SYSNAME,RD_OWNER,RD_OWNERNAME,NHS,NHSNAME,SP_JUR,SP_JURNAME,MILEPT,MILEPTNAME,LATITUDE,LATITUDENAME,LONGITUD,LONGITUDNAME,HARM_EV,HARM_EVNAME,MAN_COLL,MAN_COLLNAME,RELJCT1,RELJCT1NAME,RELJCT2,RELJCT2NAME,TYP_INT,TYP_INTNAME,REL_ROAD,REL_ROADNAME,WRK_ZONE,WRK_ZONENAME,LGT_COND,LGT_CONDNAME,WEATHER,WEATHERNAME,SCH_BUS,SCH_BUSNAME,RAIL,RAILNAME,NOT_HOUR,NOT_HOURNAME,NOT_MIN,NOT_MINNAME,ARR_HOUR,ARR_HOURNAME,ARR_MIN,ARR_MINNAME,HOSP_HR,HOSP_HRNAME,HOSP_MN,HOSP_MNNAME,FATALS
43,Puerto Rico,430001,0,0,2,2,0,2,2,75,JUANA DIAZ (75),530,JUANA DIAZ,1,January,3,3,1,Sunday,2021,17,5:00pm-5:59pm,12,12,CR-149,,4,County Road,1,Rural,4,Minor Arterial,2,County Highway Agency,0,This section IS NOT on the NHS,0,No Special Jurisdiction,708,708,18.02368333,18.02368333,-66.50433611,-66.50433611,12,Motor Vehicle In-Transport,7,Sideswipe - Same Direction,0,No,1,Non-Junction,1,Not an Intersection,1,On Roadway,0,None,2,Dark - Not Lighted,1,Clear,0,No,0,Not Applicable,99,Unknown,98,Unknown if Notified,99,Unknown EMS Scene Arrival Hour,98,Unknown if Arrived,88,Not Applicable (Not Transported),88,Not Applicable (Not Transported),1
43,Puerto Rico,430002,0,0,1,1,0,1,1,21,BAYAMON (21),140,BAYAMON,1,January,6,6,4,Wednesday,2021,18,6:00pm-6:59pm,10,10,CR-5,,4,County Road,1,Rural,3,Principal Arterial - Other,2,County Highway Agency,1,This section IS ON the NHS,0,No Special Jurisdiction,0,None,18.366025,18.366025,-66.16886944,-66.16886944,42,Tree (Standing Only),0,The First Harmful Event was Not a Collision with a Motor Vehicle in Transport,0,No,1,Non-Junction,1,Not an Intersection,6,Off Roadway-Location Unknown,0,None,3,Dark - Lighted,1,Clear,0,No,0,Not Applicable,18,6:00pm-6:59pm,30,30,18,6:00pm-6:59pm,40,40,88,Not Applicable (Not Transported),88,Not Applicable (Not Transported),1
43,Puerto Rico,430003,0,0,2,2,0,2,2,25,CAGUAS (25),170,CAGUAS,1,January,7,7,5,Thursday,2021,16,4:00pm-4:59pm,24,24,CR-TROCHE AVE,,4,County Road,2,Urban,5,Major Collector,2,County Highway Agency,0,This section IS NOT on the NHS,0,No Special Jurisdiction,0,None,18.23446111,18.23446111,-66.02811111,-66.02811111,12,Motor Vehicle In-Transport,1,Front-to-Rear,0,No,1,Non-Junction,1,Not an Intersection,1,On Roadway,0,None,1,Daylight,1,Clear,0,No,0,Not Applicable,16,4:00pm-4:59pm,25,25,16,4:00pm-4:59pm,28,28,88,Not Applicable (Not Transported),88,Not Applicable (Not Transported),1
43,Puerto Rico,430004,2,2,1,1,0,1,1,79,LAJAS (79),550,LAJAS,1,January,8,8,6,Friday,2021,6,6:00am-6:59am,20,20,CR-101,,4,County Road,2,Urban,3,Principal Arterial - Other,2,County Highway Agency,1,This section IS ON the NHS,0,No Special Jurisdiction,126,126,18.04701111,18.04701111,-67.06950556,-67.06950556,8,Pedestrian,0,The First Harmful Event was Not a Collision with a Motor Vehicle in Transport,0,No,1,Non-Junction,1,Not an Intersection,1,On Roadway,0,None,3,Dark - Lighted,1,Clear,0,No,0,Not Applicable,99,Unknown,98,Unknown if Notified,99,Unknown EMS Scene Arrival Hour,98,Unknown if Arrived,88,Not Applicable (Not Transported),88,Not Applicable (Not Transported),1
43,Puerto Rico,430005,1,1,1,1,0,1,1,139,TRUJILLO ALTO (139),990,TRUJILLO ALTO,1,January,8,8,6,Friday,2021,6,6:00am-6:59am,28,28,CR-199,,4,County Road,2,Urban,3,Principal Arterial - Other,2,County Highway Agency,1,This section IS ON the NHS,0,No Special Jurisdiction,145,145,18.36832222,18.36832222,-66.02369444,-66.02369444,8,Pedestrian,0,The First Harmful Event was Not a Collision with a Motor Vehicle in Transport,0,No,1,Non-Junction,1,Not an Intersection,1,On Roadway,0,None,2,Dark - Not Lighted,1,Clear,0,No,0,Not Applicable,6,6:00am-6:59am,30,30,6,6:00am-6:59am,35,35,88,Not Applicable (Not Transported),88,Not Applicable (Not Transported),1
43,Puerto Rico,430006,1,1,2,2,0,2,2,31,CAROLINA (31),200,CAROLINA,1,January,9,9,7,Saturday,2021,20,8:00pm-8:59pm,41,41,CR-MONSERRATE AVE,INT SANCHEZ OSORIO AVE,4,County Road,2,Urban,3,Principal Arterial - Other,2,County Highway Agency,1,This section IS ON the NHS,0,No Special Jurisdiction,0,None,18.40647222,18.40647222,-65.97768056,-65.97768056,8,Pedestrian,0,The First Harmful Event was Not a Collision with a Motor Vehicle in Transport,0,No,2,Intersection,3,T-Intersection,1,On Roadway,0,None,3,Dark - Lighted,1,Clear,0,No,0,Not Applicable,99,Unknown,98,Unknown if Notified,99,Unknown EMS Scene Arrival Hour,98,Unknown if Arrived,88,Not Applicable (Not Transported),88,Not Applicable (Not Transported),1
43,Puerto Rico,430007,0,0,2,2,0,2,2,105,NARANJITO (105),700,NARANJITO,1,January,9,9,7,Saturday,2021,21,9:00pm-9:59pm,38,38,CR-152,,4,County Road,1,Rural,4,Minor Arterial,2,County Highway Agency,0,This section IS NOT on the NHS,0,No Special Jurisdiction,103,103,18.24716667,18.24716667,-66.28306667,-66.28306667,12,Motor Vehicle In-Transport,2,Front-to-Front,0,No,1,Non-Junction,1,Not an Intersection,1,On Roadway,0,None,3,Dark - Lighted,1,Clear,0,No,0,Not Applicable,21,9:00pm-9:59pm,28,28,22,10:00pm-10:59pm,0,0,88,Not Applicable (Not Transported),88,Not Applicable (Not Transported),1
43,Puerto Rico,430008,0,0,2,2,0,2,2,69,HUMACAO (69),500,HUMACAO,1,January,10,10,1,Sunday,2021,11,11:00am-11:59am,0,0,I-53,,1,Interstate,1,Rural,1,Interstate,1,State Highway Agency,1,This section IS ON the NHS,0,No Special Jurisdiction,330,330,18.13004722,18.13004722,-65.812825,-65.812825,12,Motor Vehicle In-Transport,1,Front-to-Rear,0,No,1,Non-Junction,1,Not an Intersection,1,On Roadway,0,None,1,Daylight,1,Clear,0,No,0,Not Applicable,11,11:00am-11:59am,0,0,11,11:00am-11:59am,10,10,88,Not Applicable (Not Transported),88,Not Applicable (Not Transported),1
43,Puerto Rico,430009,1,1,1,1,0,1,1,91,MANATI (91),620,MANATI,1,January,11,11,2,Monday,2021,8,8:00am-8:59am,2,2,CR-685,,4,County Road,2,Urban,5,Major Collector,2,County Highway Agency,0,This section IS NOT on the NHS,0,No Special Jurisdiction,4,4,18.432025,18.432025,-66.49563056,-66.49563056,8,Pedestrian,0,The First Harmful Event was Not a Collision with a Motor Vehicle in Transport,0,No,1,Non-Junction,1,Not an Intersection,1,On Roadway,0,None,1,Daylight,1,Clear,0,No,0,Not Applicable,99,Unknown,98,Unknown if Notified,99,Unknown EMS Scene Arrival Hour,98,Unknown if Arrived,88,Not Applicable (Not Transported),88,Not Applicable (Not Transported),1
43,Puerto Rico,430010,1,1,1,1,0,1,1,141,UTUADO (141),1000,UTUADO,1,January,12,12,3,Tuesday,2021,20,8:00pm-8:59pm,44,44,CR-111,,4,County Road,2,Urban,4,Minor Arterial,2,County Highway Agency,0,This section IS NOT on the NHS,0,No Special Jurisdiction,506,506,18.26903611,18.26903611,-66.69833056,-66.69833056,8,Pedestrian,0,The First Harmful Event was Not a Collision with a Motor Vehicle in Transport,0,No,1,Non-Junction,1,Not an Intersection,1,On Roadway,0,None,2,Dark - Not Lighted,1,Clear,0,No,0,Not Applicable,20,8:00pm-8:59pm,50,50,21,9:00pm-9:59pm,0,0,88,Not Applicable (Not Transported),88,Not Applicable (Not Transported),1
43,Puerto Rico,430011,1,1,1,1,0,1,1,31,CAROLINA (31),200,CAROLINA,1,January,12,12,3,Tuesday,2021,8,8:00am-8:59am,30,30,CR-ROBERTO CLEMENTE AVE,INT 401 ST,4,County Road,1,Rural,4,Minor Arterial,2,County Highway Agency,0,This section IS NOT on the NHS,0,No Special Jurisdiction,0,None,18.40779722,18.40779722,-65.96560833,-65.96560833,8,Pedestrian,0,The First Harmful Event was Not a Collision with a Motor Vehicle in Transport,0,No,2,Intersection,3,T-Intersection,1,On Roadway,0,None,1,Daylight,1,Clear,0,No,0,Not Applicable,99,Unknown,98,Unknown if Notified,99,Unknown EMS Scene Arrival Hour,98,Unknown if Arrived,88,Not Applicable (Not Transported),88,Not Applicable (Not Transported),1
43,Puerto Rico,430012,1,1,1,1,0,1,1,5,AGUADILLA (5),30,AGUADILLA,1,January,14,14,5,Thursday,2021,20,8:00pm-8:59pm,0,0,I-2,,1,Interstate,2,Urban,1,Interstate,1,State Highway Agency,1,This section IS ON the NHS,0,No Special Jurisdiction,1239,1239,18.43964722,18.43964722,-67.13173611,-67.13173611,8,Pedestrian,0,The First Harmful Event was Not a Collision with a Motor Vehicle in Transport,0,No,1,Non-Junction,1,Not an Intersection,1,On Roadway,0,None,2,Dark - Not Lighted,1,Clear,0,No,0,Not Applicable,99,Unknown,98,Unknown if Notified,99,Unknown EMS Scene Arrival Hour,98,Unknown if Arrived,88,Not Applicable (Not Transported),88,Not Applicable (Not Transported),1
43,Puerto Rico,430013,0,0,1,1,0,1,1,31,CAROLINA (31),200,CAROLINA,1,January,14,14,5,Thursday,2021,21,9:00pm-9:59pm,34,34,CR-LOS GOBERNADORES AVE,,4,County Road,2,Urban,4,Minor Arterial,2,County Highway Agency,0,This section IS NOT on the NHS,0,No Special Jurisdiction,0,None,18.44066667,18.44066667,-66.01600278,-66.01600278,25,Concrete Traffic Barrier,0,The First Harmful Event was Not a Collision with a Motor Vehicle in Transport,0,No,1,Non-Junction,1,Not an Intersection,3,On Median,0,None,3,Dark - Lighted,10,Cloudy,0,No,0,Not Applicable,99,Unknown,98,Unknown if Notified,99,Unknown EMS Scene Arrival Hour,98,Unknown if Arrived,88,Not Applicable (Not Transported),88,Not Applicable (Not Transported),1
43,Puerto Rico,430014,0,0,1,1,0,2,2,39,CIALES (39),270,CIALES,1,January,16,16,7,Saturday,2021,19,7:00pm-7:59pm,30,30,CR-146,,4,County Road,1,Rural,4,Minor Arterial,2,County Highway Agency,0,This section IS NOT on the NHS,0,No Special Jurisdiction,262,262,18.33174722,18.33174722,-66.48282778,-66.48282778,35,Embankment,0,The First Harmful Event was Not a Collision with a Motor Vehicle in Transport,0,No,1,Non-Junction,1,Not an Intersection,4,On Roadside,0,None,2,Dark - Not Lighted,1,Clear,0,No,0,Not Applicable,99,Unknown,98,Unknown if Notified,99,Unknown EMS Scene Arrival Hour,98,Unknown if Arrived,88,Not Applicable (Not Transported),88,Not Applicable (Not Transported),1
43,Puerto Rico,430015,0,0,2,2,0,2,2,21,BAYAMON (21),140,BAYAMON,1,January,16,16,7,Saturday,2021,21,9:00pm-9:59pm,44,44,CR-6,,4,County Road,2,Urban,3,Principal Arterial - Other,2,County Highway Agency,1,This section IS ON the NHS,0,No Special Jurisdiction,3,3,18.40561667,18.40561667,-66.147775,-66.147775,12,Motor Vehicle In-Transport,2,Front-to-Front,0,No,1,Non-Junction,1,Not an Intersection,1,On Roadway,0,None,3,Dark - Lighted,1,Clear,0,No,0,Not Applicable,99,Unknown,98,Unknown if Notified,99,Unknown EMS Scene Arrival Hour,98,Unknown if Arrived,88,Not Applicable (Not Transported),88,Not Applicable (Not Transported),1
43,Puerto Rico,430016,0,0,1,1,0,1,1,25,CAGUAS (25),170,CAGUAS,1,January,16,16,7,Saturday,2021,0,0:00am-0:59am,5,5,I-52,,1,Interstate,2,Urban,1,Interstate,1,State Highway Agency,1,This section IS ON the NHS,0,No Special Jurisdiction,154,154,18.26788611,18.26788611,-66.03865,-66.03865,25,Concrete Traffic Barrier,0,The First Harmful Event was Not a Collision with a Motor Vehicle in Transport,0,No,1,Non-Junction,1,Not an Intersection,3,On Median,0,None,2,Dark - Not Lighted,1,Clear,0,No,0,Not Applicable,0,0:00am-0:59am,10,10,0,0:00am-0:59am,15,15,88,Not Applicable (Not Transported),88,Not Applicable (Not Transported),1
43,Puerto Rico,430017,0,0,2,2,0,4,4,141,UTUADO (141),1000,UTUADO,1,January,19,19,3,Tuesday,2021,15,3:00pm-3:59pm,7,7,CR-123,,4,County Road,2,Urban,4,Minor Arterial,2,County Highway Agency,0,This section IS NOT on the NHS,0,No Special Jurisdiction,562,562,18.27449167,18.27449167,-66.71099722,-66.71099722,12,Motor Vehicle In-Transport,6,Angle,0,No,1,Non-Junction,1,Not an Intersection,1,On Roadway,0,None,1,Daylight,1,Clear,0,No,0,Not Applicable,99,Unknown,98,Unknown if Notified,99,Unknown EMS Scene Arrival Hour,98,Unknown if Arrived,88,Not Applicable (Not Transported),88,Not Applicable (Not Transported),1
43,Puerto Rico,430018,1,1,1,1,0,2,2,63,GURABO (63),460,GURABO,1,January,20,20,4,Wednesday,2021,19,7:00pm-7:59pm,23,23,CR-30,,4,County Road,2,Urban,3,Principal Arterial - Other,2,County Highway Agency,1,This section IS ON the NHS,0,No Special Jurisdiction,44,44,18.24478333,18.24478333,-65.99946944,-65.99946944,8,Pedestrian,0,The First Harmful Event was Not a Collision with a Motor Vehicle in Transport,0,No,1,Non-Junction,1,Not an Intersection,1,On Roadway,0,None,3,Dark - Lighted,1,Clear,0,No,0,Not Applicable,19,7:00pm-7:59pm,23,23,19,7:00pm-7:59pm,30,30,88,Not Applicable (Not Transported),88,Not Applicable (Not Transported),1
43,Puerto Rico,430019,0,0,2,2,0,2,2,127,SAN JUAN (127),930,SAN JUAN,1,January,21,21,5,Thursday,2021,0,0:00am-0:59am,10,10,CR-199,INT ROMANI ST,4,County Road,1,Rural,3,Principal Arterial - Other,2,County Highway Agency,1,This section IS ON the NHS,0,No Special Jurisdiction,0,None,18.35833333,18.35833333,-66.07245833,-66.07245833,12,Motor Vehicle In-Transport,6,Angle,0,No,2,Intersection,3,T-Intersection,1,On Roadway,0,None,3,Dark - Lighted,1,Clear,0,No,0,Not Applicable,99,Unknown,98,Unknown if Notified,99,Unknown EMS Scene Arrival Hour,98,Unknown if Arrived,88,Not Applicable (Not Transported),88,Not Applicable (Not Transported),1
43,Puerto Rico,430020,0,0,1,1,0,1,1,113,PONCE (113),760,PONCE,1,January,23,23,7,Saturday,2021,2,2:00am-2:59am,5,5,CR-2,,4,County Road,2,Urban,3,Principal Arterial - Other,2,County Highway Agency,1,This section IS ON the NHS,0,No Special Jurisdiction,2291,2291,17.99825833,17.99825833,-66.60008611,-66.60008611,11,Live Animal,0,The First Harmful Event was Not a Collision with a Motor Vehicle in Transport,0,No,1,Non-Junction,1,Not an Intersection,1,On Roadway,0,None,3,Dark - Lighted,1,Clear,0,No,0,Not Applicable,99,Unknown,98,Unknown if Notified,99,Unknown EMS Scene Arrival Hour,98,Unknown if Arrived,88,Not Applicable (Not Transported),88,Not Applicable (Not Transported),1
43,Puerto Rico,430021,0,0,1,1,0,1,1,59,GUAYANILLA (59),440,GUAYANILLA,2,February,2,2,3,Tuesday,2021,22,10:00pm-10:59pm,10,10,CR-382,,4,County Road,2,Urban,7,Local,2,County Highway Agency,0,This section IS NOT on the NHS,0,No Special Jurisdiction,0,None,18.01836667,18.01836667,-66.76831111,-66.76831111,39,Wall,0,The First Harmful Event was Not a Collision with a Motor Vehicle in Transport,0,No,1,Non-Junction,1,Not an Intersection,5,Outside Trafficway,0,None,3,Dark - Lighted,1,Clear,0,No,0,Not Applicable,99,Unknown,98,Unknown if Notified,99,Unknown EMS Scene Arrival Hour,98,Unknown if Arrived,88,Not Applicable (Not Transported),88,Not Applicable (Not Transported),1
43,Puerto Rico,430022,1,1,1,1,0,1,1,67,HORMIGUEROS (67),490,HORMIGUEROS,2,February,3,3,4,Wednesday,2021,13,1:00pm-1:59pm,30,30,I-2,,1,Interstate,1,Rural,1,Interstate,1,State Highway Agency,1,This section IS ON the NHS,0,No Special Jurisdiction,1643,1643,18.13448611,18.13448611,-67.11787222,-67.11787222,8,Pedestrian,0,The First Harmful Event was Not a Collision with a Motor Vehicle in Transport,0,No,1,Non-Junction,1,Not an Intersection,1,On Roadway,0,None,1,Daylight,1,Clear,0,No,0,Not Applicable,99,Unknown,98,Unknown if Notified,99,Unknown EMS Scene Arrival Hour,98,Unknown if Arrived,88,Not Applicable (Not Transported),88,Not Applicable (Not Transported),1
43,Puerto Rico,430023,0,0,1,1,0,1,1,69,HUMACAO (69),500,HUMACAO,2,February,5,5,6,Friday,2021,20,8:00pm-8:59pm,7,7,CR-60,,4,County Road,1,Rural,3,Principal Arterial - Other,2,County Highway Agency,1,This section IS ON the NHS,0,No Special Jurisdiction,2,2,18.15606389,18.15606389,-65.84241389,-65.84241389,35,Embankment,0,The First Harmful Event was Not a Collision with a Motor Vehicle in Transport,0,No,1,Non-Junction,1,Not an Intersection,4,On Roadside,0,None,3,Dark - Lighted,2,Rain,0,No,0,Not Applicable,99,Unknown,98,Unknown if Notified,99,Unknown EMS Scene Arrival Hour,98,Unknown if Arrived,88,Not Applicable (Not Transported),88,Not Applicable (Not Transported),1
43,Puerto Rico,430024,0,0,1,1,0,1,1,63,GURABO (63),460,GURABO,2,February,5,5,6,Friday,2021,22,10:00pm-10:59pm,19,19,CR-941,,4,County Road,1,Rural,6,Minor Collector,2,County Highway Agency,0,This section IS NOT on the NHS,0,No Special Jurisdiction,50,50,18.27978056,18.27978056,-66.00748611,-66.00748611,42,Tree (Standing Only),0,The First Harmful Event was Not a Collision with a Motor Vehicle in Transport,0,No,1,Non-Junction,1,Not an Intersection,6,Off Roadway-Location Unknown,0,None,2,Dark - Not Lighted,1,Clear,0,No,0,Not Applicable,99,Unknown,98,Unknown if Notified,99,Unknown EMS Scene Arrival Hour,98,Unknown if Arrived,88,Not Applicable (Not Transported),88,Not Applicable (Not Transported),1
43,Puerto Rico,430025,1,1,1,1,0,1,1,21,BAYAMON (21),140,BAYAMON,2,February,5,5,6,Friday,2021,6,6:00am-6:59am,30,30,CR-BETANCES AVE,,4,County Road,2,Urban,5,Major Collector,2,County Highway Agency,0,This section IS NOT on the NHS,0,No Special Jurisdiction,0,None,18.38473611,18.38473611,-66.17314444,-66.17314444,8,Pedestrian,0,The First Harmful Event was Not a Collision with a Motor Vehicle in Transport,0,No,1,Non-Junction,1,Not an Intersection,1,On Roadway,0,None,1,Daylight,1,Clear,0,No,0,Not Applicable,99,Unknown,98,Unknown if Notified,99,Unknown EMS Scene Arrival Hour,98,Unknown if Arrived,88,Not Applicable (Not Transported),88,Not Applicable (Not Transported),1
43,Puerto Rico,430026,1,1,1,1,0,2,2,21,BAYAMON (21),140,BAYAMON,2,February,6,6,7,Saturday,2021,23,11:00pm-11:59pm,8,8,CR-5,,4,County Road,1,Rural,3,Principal Arterial - Other,2,County Highway Agency,1,This section IS ON the NHS,0,No Special Jurisdiction,0,None,18.37821944,18.37821944,-66.16146111,-66.16146111,9,Pedalcyclist,0,The First Harmful Event was Not a Collision with a Motor Vehicle in Transport,0,No,1,Non-Junction,1,Not an Intersection,1,On Roadway,0,None,3,Dark - Lighted,2,Rain,0,No,0,Not Applicable,99,Unknown,98,Unknown if Notified,99,Unknown EMS Scene Arrival Hour,98,Unknown if Arrived,88,Not Applicable (Not Transported),88,Not Applicable (Not Transported),1
43,Puerto Rico,430027,0,0,3,3,0,5,5,123,SALINAS (123),900,SALINAS,2,February,7,7,1,Sunday,2021,17,5:00pm-5:59pm,30,30,CR-180,,4,County Road,2,Urban,4,Minor Arterial,2,County Highway Agency,0,This section IS NOT on the NHS,0,No Special Jurisdiction,21,21,17.971225,17.971225,-66.29408889,-66.29408889,12,Motor Vehicle In-Transport,6,Angle,0,No,1,Non-Junction,1,Not an Intersection,1,On Roadway,0,None,1,Daylight,1,Clear,0,No,0,Not Applicable,17,5:00pm-5:59pm,30,30,17,5:00pm-5:59pm,55,55,88,Not Applicable (Not Transported),88,Not Applicable (Not Transported),1
43,Puerto Rico,430028,1,1,1,1,0,1,1,31,CAROLINA (31),200,CAROLINA,2,February,10,10,4,Wednesday,2021,6,6:00am-6:59am,0,0,I-26,,1,Interstate,2,Urban,1,Interstate,1,State Highway Agency,1,This section IS ON the NHS,0,No Special Jurisdiction,52,52,18.44638889,18.44638889,-66.03949444,-66.03949444,8,Pedestrian,0,The First Harmful Event was Not a Collision with a Motor Vehicle in Transport,0,No,1,Non-Junction,1,Not an Intersection,1,On Roadway,0,None,2,Dark - Not Lighted,10,Cloudy,0,No,0,Not Applicable,99,Unknown,98,Unknown if Notified,99,Unknown EMS Scene Arrival Hour,98,Unknown if Arrived,88,Not Applicable (Not Transported),88,Not Applicable (Not Transported),1
43,Puerto Rico,430029,1,1,1,1,0,2,2,151,YABUCOA (151),1050,YABUCOA,2,February,10,10,4,Wednesday,2021,6,6:00am-6:59am,15,15,CR-901,INT PR 3,4,County Road,1,Rural,4,Minor Arterial,2,County Highway Agency,0,This section IS NOT on the NHS,0,No Special Jurisdiction,839,839,18.04493333,18.04493333,-65.86934167,-65.86934167,8,Pedestrian,0,The First Harmful Event was Not a Collision with a Motor Vehicle in Transport,1,Yes,3,Intersection-Related,3,T-Intersection,1,On Roadway,0,None,2,Dark - Not Lighted,10,Cloudy,0,No,0,Not Applicable,99,Unknown,98,Unknown if Notified,99,Unknown EMS Scene Arrival Hour,98,Unknown if Arrived,88,Not Applicable (Not Transported),88,Not Applicable (Not Transported),1
43,Puerto Rico,430030,0,0,1,1,0,1,1,65,HATILLO (65),470,HATILLO,2,February,12,12,6,Friday,2021,23,11:00pm-11:59pm,45,45,CR-130,,4,County Road,1,Rural,4,Minor Arterial,2,County Highway Agency,0,This section IS NOT on the NHS,0,No Special Jurisdiction,59,59,18.441125,18.441125,-66.79922778,-66.79922778,39,Wall,0,The First Harmful Event was Not a Collision with a Motor Vehicle in Transport,0,No,1,Non-Junction,1,Not an Intersection,6,Off Roadway-Location Unknown,0,None,2,Dark - Not Lighted,10,Cloudy,0,No,0,Not Applicable,99,Unknown,98,Unknown if Notified,99,Unknown EMS Scene Arrival Hour,98,Unknown if Arrived,88,Not Applicable (Not Transported),88,Not Applicable (Not Transported),1
43,Puerto Rico,430031,0,0,2,2,0,3,3,93,MARICAO (93),630,MARICAO,2,February,13,13,7,Saturday,2021,17,5:00pm-5:59pm,7,7,CR-357,,4,County Road,1,Rural,5,Major Collector,2,County Highway Agency,0,This section IS NOT on the NHS,0,No Special Jurisdiction,43,43,18.19133611,18.19133611,-67.01409167,-67.01409167,12,Motor Vehicle In-Transport,2,Front-to-Front,0,No,1,Non-Junction,1,Not an Intersection,1,On Roadway,0,None,1,Daylight,1,Clear,0,No,0,Not Applicable,99,Unknown,98,Unknown if Notified,99,Unknown EMS Scene Arrival Hour,98,Unknown if Arrived,88,Not Applicable (Not Transported),88,Not Applicable (Not Transported),1
43,Puerto Rico,430032,0,0,2,2,0,2,2,89,LUQUILLO (89),610,LUQUILLO,2,February,15,15,2,Monday,2021,20,8:00pm-8:59pm,45,45,I-3,,1,Interstate,1,Rural,1,Interstate,1,State Highway Agency,1,This section IS ON the NHS,0,No Special Jurisdiction,318,318,18.37451944,18.37451944,-65.75853056,-65.75853056,12,Motor Vehicle In-Transport,6,Angle,0,No,1,Non-Junction,1,Not an Intersection,1,On Roadway,0,None,2,Dark - Not Lighted,1,Clear,0,No,0,Not Applicable,99,Unknown,98,Unknown if Notified,99,Unknown EMS Scene Arrival Hour,98,Unknown if Arrived,88,Not Applicable (Not Transported),88,Not Applicable (Not Transported),1
43,Puerto Rico,430033,0,0,1,1,0,3,3,57,GUAYAMA (57),430,GUAYAMA,2,February,16,16,3,Tuesday,2021,10,10:00am-10:59am,42,42,CR-PRINCIPAL FINAL ST A-11,,4,County Road,2,Urban,7,Local,2,County Highway Agency,0,This section IS NOT on the NHS,0,No Special Jurisdiction,0,None,17.96976389,17.96976389,-66.08810556,-66.08810556,30,Utility Pole/Light Support,0,The First Harmful Event was Not a Collision with a Motor Vehicle in Transport,0,No,1,Non-Junction,1,Not an Intersection,4,On Roadside,0,None,1,Daylight,1,Clear,0,No,0,Not Applicable,99,Unknown,98,Unknown if Notified,99,Unknown EMS Scene Arrival Hour,98,Unknown if Arrived,88,Not Applicable (Not Transported),88,Not Applicable (Not Transported),1
43,Puerto Rico,430034,0,0,2,2,0,3,3,25,CAGUAS (25),170,CAGUAS,2,February,18,18,5,Thursday,2021,5,5:00am-5:59am,30,30,CR-172,,4,County Road,1,Rural,3,Principal Arterial - Other,2,County Highway Agency,1,This section IS ON the NHS,0,No Special Jurisdiction,229,229,18.21589167,18.21589167,-66.04911111,-66.04911111,12,Motor Vehicle In-Transport,2,Front-to-Front,0,No,1,Non-Junction,1,Not an Intersection,1,On Roadway,0,None,3,Dark - Lighted,1,Clear,0,No,0,Not Applicable,5,5:00am-5:59am,40,40,5,5:00am-5:59am,50,50,88,Not Applicable (Not Transported),88,Not Applicable (Not Transported),1
43,Puerto Rico,430035,0,0,1,1,0,1,1,115,QUEBRADILLAS (115),790,QUEBRADILLAS,2,February,18,18,5,Thursday,2021,8,8:00am-8:59am,48,48,CR-DEL PARQUE ST,,4,County Road,2,Urban,5,Major Collector,2,County Highway Agency,0,This section IS NOT on the NHS,0,No Special Jurisdiction,0,None,18.46944722,18.46944722,-66.93674722,-66.93674722,38,Fence,0,The First Harmful Event was Not a Collision with a Motor Vehicle in Transport,0,No,1,Non-Junction,1,Not an Intersection,4,On Roadside,0,None,1,Daylight,1,Clear,0,No,0,Not Applicable,99,Unknown,98,Unknown if Notified,99,Unknown EMS Scene Arrival Hour,98,Unknown if Arrived,88,Not Applicable (Not Transported),88,Not Applicable (Not Transported),1
43,Puerto Rico,430036,1,1,1,1,0,2,2,127,SAN JUAN (127),930,SAN JUAN,2,February,19,19,6,Friday,2021,12,12:00pm-12:59pm,50,50,CR-SIMON MADERA AVE,,4,County Road,2,Urban,3,Principal Arterial - Other,2,County Highway Agency,1,This section IS ON the NHS,0,No Special Jurisdiction,0,None,18.41308333,18.41308333,-66.02042778,-66.02042778,8,Pedestrian,0,The First Harmful Event was Not a Collision with a Motor Vehicle in Transport,0,No,1,Non-Junction,1,Not an Intersection,1,On Roadway,0,None,1,Daylight,1,Clear,0,No,0,Not Applicable,99,Unknown,98,Unknown if Notified,99,Unknown EMS Scene Arrival Hour,98,Unknown if Arrived,88,Not Applicable (Not Transported),88,Not Applicable (Not Transported),1
43,Puerto Rico,430037,0,0,1,1,0,1,1,31,CAROLINA (31),200,CAROLINA,2,February,20,20,7,Saturday,2021,15,3:00pm-3:59pm,30,30,CR-874,,4,County Road,1,Rural,3,Principal Arterial - Other,2,County Highway Agency,1,This section IS ON the NHS,0,No Special Jurisdiction,60,60,18.38437778,18.38437778,-65.92173889,-65.92173889,25,Concrete Traffic Barrier,0,The First Harmful Event was Not a Collision with a Motor Vehicle in Transport,0,No,1,Non-Junction,1,Not an Intersection,4,On Roadside,0,None,1,Daylight,1,Clear,0,No,0,Not Applicable,99,Unknown,98,Unknown if Notified,99,Unknown EMS Scene Arrival Hour,98,Unknown if Arrived,88,Not Applicable (Not Transported),88,Not Applicable (Not Transported),1