STATE,STATENAME,ST_CASE,PEDS,PERNOTMVIT,VE_TOTAL,VE_FORMS,PVH_INVL,PERSONS,PERMVIT,COUNTY,COUNTYNAME,CITY,CITYNAME,MONTH,MONTHNAME,DAY,DAYNAME,DAY_WEEK,DAY_WEEKNAME,YEAR,HOUR,HOURNAME,MINUTE,MINUTENAME,TWAY_ID,TWAY_ID2,ROUTE,ROUTENAME,RUR_URB,RUR_URBNAME,FUNC_SYS,FUNC_SYSNAME,RD_OWNER,RD_OWNERNAME,NHS,NHSNAME,SP_JUR,SP_JURNAME,MILEPT,MILEPTNAME,LATITUDE,LATITUDENAME,LONGITUD,LONGITUDNAME,HARM_EV,HARM_EVNAME,MAN_COLL,MAN_COLLNAME,RELJCT1,RELJCT1NAME,RELJCT2,RELJCT2NAME,TYP_INT,TYP_INTNAME,REL_ROAD,REL_ROADNAME,WRK_ZONE,WRK_ZONENAME,LGT_COND,LGT_CONDNAME,WEATHER,WEATHERNAME,SCH_BUS,SCH_BUSNAME,RAIL,RAILNAME,NOT_HOUR,NOT_HOURNAME,NOT_MIN,NOT_MINNAME,ARR_HOUR,ARR_HOURNAME,ARR_MIN,ARR_MINNAME,HOSP_HR,HOSP_HRNAME,HOSP_MN,HOSP_MNNAME,FATALS
43,Puerto Rico,430113,1,1,1,1,0,1,1,69,HUMACAO (69),500,HUMACAO,5,May,15,15,7,Saturday,2021,22,10:00pm-10:59pm,35,35,CR-3,,4,County Road,1,Rural,4,Minor Arterial,2,County Highway Agency,0,This section IS NOT on the NHS,0,No Special Jurisdiction,748,748,18.15037778,18.15037778,-65.776775,-65.776775,15,Non-Motorist on Personal Conveyance,0,The First Harmful Event was Not a Collision with a Motor Vehicle in Transport,0,No,1,Non-Junction,1,Not an Intersection,4,On Roadside,0,None,3,Dark - Lighted,1,Clear,0,No,0,Not Applicable,99,Unknown,98,Unknown if Notified,99,Unknown EMS Scene Arrival Hour,98,Unknown if Arrived,88,Not Applicable (Not Transported),88,Not Applicable (Not Transported),1
43,Puerto Rico,430114,1,1,1,1,0,1,1,121,SABANA GRANDE (121),860,SABANA GRANDE,5,May,16,16,1,Sunday,2021,13,1:00pm-1:59pm,43,43,CR-121,,4,County Road,1,Rural,4,Minor Arterial,2,County Highway Agency,0,This section IS NOT on the NHS,0,No Special Jurisdiction,44,44,18.04377778,18.04377778,-66.94917222,-66.94917222,8,Pedestrian,0,The First Harmful Event was Not a Collision with a Motor Vehicle in Transport,0,No,1,Non-Junction,1,Not an Intersection,4,On Roadside,0,None,1,Daylight,1,Clear,0,No,0,Not Applicable,99,Unknown,98,Unknown if Notified,99,Unknown EMS Scene Arrival Hour,98,Unknown if Arrived,88,Not Applicable (Not Transported),88,Not Applicable (Not Transported),1
43,Puerto Rico,430115,1,1,1,1,0,1,1,71,ISABELA (71),510,ISABELA,5,May,17,17,2,Monday,2021,5,5:00am-5:59am,37,37,I-2,,1,Interstate,2,Urban,1,Interstate,1,State Highway Agency,1,This section IS ON the NHS,0,No Special Jurisdiction,1129,1129,18.46806667,18.46806667,-67.03241667,-67.03241667,8,Pedestrian,0,The First Harmful Event was Not a Collision with a Motor Vehicle in Transport,0,No,1,Non-Junction,1,Not an Intersection,1,On Roadway,0,None,2,Dark - Not Lighted,1,Clear,0,No,0,Not Applicable,99,Unknown,98,Unknown if Notified,99,Unknown EMS Scene Arrival Hour,98,Unknown if Arrived,88,Not Applicable (Not Transported),88,Not Applicable (Not Transported),1
43,Puerto Rico,430116,1,1,1,1,0,2,2,113,PONCE (113),760,PONCE,5,May,20,20,5,Thursday,2021,21,9:00pm-9:59pm,12,12,CR-14,,4,County Road,2,Urban,3,Principal Arterial - Other,2,County Highway Agency,1,This section IS ON the NHS,0,No Special Jurisdiction,47,47,18.036725,18.036725,-66.58588889,-66.58588889,8,Pedestrian,0,The First Harmful Event was Not a Collision with a Motor Vehicle in Transport,0,No,1,Non-Junction,1,Not an Intersection,1,On Roadway,0,None,2,Dark - Not Lighted,1,Clear,0,No,0,Not Applicable,99,Unknown,98,Unknown if Notified,99,Unknown EMS Scene Arrival Hour,98,Unknown if Arrived,88,Not Applicable (Not Transported),88,Not Applicable (Not Transported),1
43,Puerto Rico,430117,0,0,2,2,0,2,2,17,BARCELONETA (17),120,BARCELONETA,5,May,20,20,5,Thursday,2021,21,9:00pm-9:59pm,41,41,CR-140,,4,County Road,2,Urban,4,Minor Arterial,2,County Highway Agency,0,This section IS NOT on the NHS,0,No Special Jurisdiction,591,591,18.40295278,18.40295278,-66.57812222,-66.57812222,12,Motor Vehicle In-Transport,2,Front-to-Front,0,No,1,Non-Junction,1,Not an Intersection,1,On Roadway,0,None,2,Dark - Not Lighted,1,Clear,0,No,0,Not Applicable,99,Unknown,98,Unknown if Notified,99,Unknown EMS Scene Arrival Hour,98,Unknown if Arrived,88,Not Applicable (Not Transported),88,Not Applicable (Not Transported),1
43,Puerto Rico,430118,0,0,1,1,0,1,1,57,GUAYAMA (57),430,GUAYAMA,5,May,21,21,6,Friday,2021,0,0:00am-0:59am,18,18,CR-3,,4,County Road,2,Urban,3,Principal Arterial - Other,2,County Highway Agency,1,This section IS ON the NHS,0,No Special Jurisdiction,1333,1333,17.98075,17.98075,-66.08425556,-66.08425556,34,Ditch,0,The First Harmful Event was Not a Collision with a Motor Vehicle in Transport,0,No,1,Non-Junction,1,Not an Intersection,4,On Roadside,0,None,3,Dark - Lighted,1,Clear,0,No,0,Not Applicable,99,Unknown,98,Unknown if Notified,99,Unknown EMS Scene Arrival Hour,98,Unknown if Arrived,88,Not Applicable (Not Transported),88,Not Applicable (Not Transported),1
43,Puerto Rico,430119,0,0,1,1,0,1,1,127,SAN JUAN (127),930,SAN JUAN,5,May,22,22,7,Saturday,2021,17,5:00pm-5:59pm,20,20,CR-8,,4,County Road,2,Urban,3,Principal Arterial - Other,2,County Highway Agency,1,This section IS ON the NHS,0,No Special Jurisdiction,15,15,18.412725,18.412725,-66.01383889,-66.01383889,42,Tree (Standing Only),0,The First Harmful Event was Not a Collision with a Motor Vehicle in Transport,0,No,1,Non-Junction,1,Not an Intersection,6,Off Roadway-Location Unknown,0,None,1,Daylight,1,Clear,0,No,0,Not Applicable,99,Unknown,98,Unknown if Notified,99,Unknown EMS Scene Arrival Hour,98,Unknown if Arrived,88,Not Applicable (Not Transported),88,Not Applicable (Not Transported),1
43,Puerto Rico,430120,0,0,2,2,0,3,3,139,TRUJILLO ALTO (139),990,TRUJILLO ALTO,5,May,23,23,1,Sunday,2021,21,9:00pm-9:59pm,48,48,CR-850,INT PR 199,4,County Road,2,Urban,3,Principal Arterial - Other,2,County Highway Agency,1,This section IS ON the NHS,0,No Special Jurisdiction,0,None,18.36341111,18.36341111,-66.02247778,-66.02247778,12,Motor Vehicle In-Transport,6,Angle,1,Yes,2,Intersection,3,T-Intersection,1,On Roadway,0,None,2,Dark - Not Lighted,1,Clear,0,No,0,Not Applicable,99,Unknown,98,Unknown if Notified,99,Unknown EMS Scene Arrival Hour,98,Unknown if Arrived,88,Not Applicable (Not Transported),88,Not Applicable (Not Transported),1
43,Puerto Rico,430121,1,1,1,1,0,1,1,127,SAN JUAN (127),930,SAN JUAN,5,May,25,25,3,Tuesday,2021,0,0:00am-0:59am,2,2,CR-MUNOZ RIVERA AVE,,4,County Road,2,Urban,4,Minor Arterial,2,County Highway Agency,0,This section IS NOT on the NHS,0,No Special Jurisdiction,23,23,18.39506944,18.39506944,-66.05553333,-66.05553333,8,Pedestrian,0,The First Harmful Event was Not a Collision with a Motor Vehicle in Transport,0,No,1,Non-Junction,1,Not an Intersection,1,On Roadway,0,None,2,Dark - Not Lighted,1,Clear,0,No,0,Not Applicable,99,Unknown,98,Unknown if Notified,99,Unknown EMS Scene Arrival Hour,98,Unknown if Arrived,88,Not Applicable (Not Transported),88,Not Applicable (Not Transported),1
43,Puerto Rico,430122,0,0,1,1,0,2,2,39,CIALES (39),270,CIALES,5,May,26,26,4,Wednesday,2021,0,0:00am-0:59am,10,10,CR-149,,4,County Road,1,Rural,3,Principal Arterial - Other,2,County Highway Agency,1,This section IS ON the NHS,0,No Special Jurisdiction,116,116,18.35086944,18.35086944,-66.46585278,-66.46585278,43,Other Fixed Object,0,The First Harmful Event was Not a Collision with a Motor Vehicle in Transport,0,No,1,Non-Junction,1,Not an Intersection,6,Off Roadway-Location Unknown,0,None,2,Dark - Not Lighted,2,Rain,0,No,0,Not Applicable,99,Unknown,98,Unknown if Notified,99,Unknown EMS Scene Arrival Hour,98,Unknown if Arrived,88,Not Applicable (Not Transported),88,Not Applicable (Not Transported),1
43,Puerto Rico,430123,0,0,1,1,0,4,4,127,SAN JUAN (127),930,SAN JUAN,5,May,27,27,5,Thursday,2021,0,0:00am-0:59am,11,11,CR-CESAR GONZALEZ AVE,CALAF ST,4,County Road,2,Urban,5,Major Collector,2,County Highway Agency,0,This section IS NOT on the NHS,0,No Special Jurisdiction,0,None,18.42741944,18.42741944,-66.06855278,-66.06855278,25,Concrete Traffic Barrier,0,The First Harmful Event was Not a Collision with a Motor Vehicle in Transport,1,Yes,3,Intersection-Related,3,T-Intersection,4,On Roadside,0,None,2,Dark - Not Lighted,1,Clear,0,No,0,Not Applicable,99,Unknown,98,Unknown if Notified,99,Unknown EMS Scene Arrival Hour,98,Unknown if Arrived,88,Not Applicable (Not Transported),88,Not Applicable (Not Transported),1
43,Puerto Rico,430124,1,1,1,1,0,1,1,153,YAUCO (153),1060,YAUCO,5,May,30,30,1,Sunday,2021,19,7:00pm-7:59pm,39,39,I-2,,1,Interstate,2,Urban,1,Interstate,1,State Highway Agency,1,This section IS ON the NHS,0,No Special Jurisdiction,2001,2001,18.03275556,18.03275556,-66.83593056,-66.83593056,8,Pedestrian,0,The First Harmful Event was Not a Collision with a Motor Vehicle in Transport,0,No,1,Non-Junction,1,Not an Intersection,1,On Roadway,0,None,2,Dark - Not Lighted,1,Clear,0,No,0,Not Applicable,99,Unknown,98,Unknown if Notified,99,Unknown EMS Scene Arrival Hour,98,Unknown if Arrived,88,Not Applicable (Not Transported),88,Not Applicable (Not Transported),1
43,Puerto Rico,430125,0,0,2,2,0,2,2,125,SAN GERMAN (125),920,SAN GERMAN,5,May,30,30,1,Sunday,2021,21,9:00pm-9:59pm,50,50,I-2,,1,Interstate,1,Rural,1,Interstate,1,State Highway Agency,1,This section IS ON the NHS,0,No Special Jurisdiction,1710,1710,18.10679167,18.10679167,-67.0619,-67.0619,12,Motor Vehicle In-Transport,2,Front-to-Front,0,No,1,Non-Junction,1,Not an Intersection,1,On Roadway,0,None,2,Dark - Not Lighted,1,Clear,0,No,0,Not Applicable,99,Unknown,98,Unknown if Notified,99,Unknown EMS Scene Arrival Hour,98,Unknown if Arrived,88,Not Applicable (Not Transported),88,Not Applicable (Not Transported),1
43,Puerto Rico,430126,0,0,1,1,0,2,2,31,CAROLINA (31),200,CAROLINA,5,May,31,31,2,Monday,2021,0,0:00am-0:59am,25,25,CR-3,,4,County Road,2,Urban,3,Principal Arterial - Other,2,County Highway Agency,1,This section IS ON the NHS,0,No Special Jurisdiction,103,103,18.37678056,18.37678056,-65.95738333,-65.95738333,43,Other Fixed Object,0,The First Harmful Event was Not a Collision with a Motor Vehicle in Transport,0,No,1,Non-Junction,1,Not an Intersection,3,On Median,0,None,3,Dark - Lighted,2,Rain,0,No,0,Not Applicable,99,Unknown,98,Unknown if Notified,99,Unknown EMS Scene Arrival Hour,98,Unknown if Arrived,88,Not Applicable (Not Transported),88,Not Applicable (Not Transported),1
43,Puerto Rico,430127,1,1,4,3,1,4,4,31,CAROLINA (31),200,CAROLINA,6,June,4,4,6,Friday,2021,5,5:00am-5:59am,20,20,I-26,,1,Interstate,1,Rural,1,Interstate,1,State Highway Agency,1,This section IS ON the NHS,0,No Special Jurisdiction,95,95,18.43179444,18.43179444,-66.00478611,-66.00478611,14,Parked Motor Vehicle,0,The First Harmful Event was Not a Collision with a Motor Vehicle in Transport,0,No,1,Non-Junction,1,Not an Intersection,3,On Median,0,None,4,Dawn,2,Rain,0,No,0,Not Applicable,99,Unknown,98,Unknown if Notified,99,Unknown EMS Scene Arrival Hour,98,Unknown if Arrived,88,Not Applicable (Not Transported),88,Not Applicable (Not Transported),1
43,Puerto Rico,430128,0,0,2,2,0,3,3,25,CAGUAS (25),170,CAGUAS,6,June,4,4,6,Friday,2021,23,11:00pm-11:59pm,0,0,CR-TROCHE AVE,,4,County Road,2,Urban,5,Major Collector,2,County Highway Agency,0,This section IS NOT on the NHS,0,No Special Jurisdiction,0,None,18.23445,18.23445,-66.02811111,-66.02811111,12,Motor Vehicle In-Transport,6,Angle,0,No,1,Non-Junction,1,Not an Intersection,1,On Roadway,0,None,3,Dark - Lighted,2,Rain,0,No,0,Not Applicable,99,Unknown,98,Unknown if Notified,99,Unknown EMS Scene Arrival Hour,98,Unknown if Arrived,88,Not Applicable (Not Transported),88,Not Applicable (Not Transported),1
43,Puerto Rico,430129,0,0,2,2,0,4,4,25,CAGUAS (25),170,CAGUAS,6,June,5,5,7,Saturday,2021,23,11:00pm-11:59pm,0,0,CR-172,,4,County Road,1,Rural,3,Principal Arterial - Other,2,County Highway Agency,1,This section IS ON the NHS,0,No Special Jurisdiction,230,230,18.21589444,18.21589444,-66.04912222,-66.04912222,12,Motor Vehicle In-Transport,2,Front-to-Front,0,No,1,Non-Junction,1,Not an Intersection,1,On Roadway,0,None,2,Dark - Not Lighted,1,Clear,0,No,0,Not Applicable,23,11:00pm-11:59pm,10,10,23,11:00pm-11:59pm,20,20,88,Not Applicable (Not Transported),88,Not Applicable (Not Transported),1
43,Puerto Rico,430130,0,0,2,2,0,2,2,25,CAGUAS (25),170,CAGUAS,6,June,7,7,2,Monday,2021,20,8:00pm-8:59pm,57,57,CR-TROCHE AVE,INT 1 ST,4,County Road,2,Urban,5,Major Collector,2,County Highway Agency,0,This section IS NOT on the NHS,0,No Special Jurisdiction,0,None,18.23445556,18.23445556,-66.02808056,-66.02808056,12,Motor Vehicle In-Transport,2,Front-to-Front,1,Yes,2,Intersection,3,T-Intersection,1,On Roadway,0,None,3,Dark - Lighted,1,Clear,0,No,0,Not Applicable,99,Unknown,98,Unknown if Notified,99,Unknown EMS Scene Arrival Hour,98,Unknown if Arrived,88,Not Applicable (Not Transported),88,Not Applicable (Not Transported),1
43,Puerto Rico,430131,1,1,1,1,0,1,1,113,PONCE (113),760,PONCE,6,June,9,9,4,Wednesday,2021,20,8:00pm-8:59pm,15,15,CR-BOULEVARD AVE,,4,County Road,2,Urban,5,Major Collector,2,County Highway Agency,0,This section IS NOT on the NHS,0,No Special Jurisdiction,8,8,17.99641111,17.99641111,-66.64216111,-66.64216111,9,Pedalcyclist,0,The First Harmful Event was Not a Collision with a Motor Vehicle in Transport,0,No,1,Non-Junction,1,Not an Intersection,1,On Roadway,0,None,3,Dark - Lighted,1,Clear,0,No,0,Not Applicable,20,8:00pm-8:59pm,17,17,20,8:00pm-8:59pm,27,27,88,Not Applicable (Not Transported),88,Not Applicable (Not Transported),1
43,Puerto Rico,430132,0,0,1,1,0,1,1,101,MOROVIS (101),680,MOROVIS,6,June,13,13,1,Sunday,2021,20,8:00pm-8:59pm,20,20,CR-155,,4,County Road,1,Rural,5,Major Collector,2,County Highway Agency,0,This section IS NOT on the NHS,0,No Special Jurisdiction,526,526,18.35226389,18.35226389,-66.43751111,-66.43751111,42,Tree (Standing Only),0,The First Harmful Event was Not a Collision with a Motor Vehicle in Transport,0,No,1,Non-Junction,1,Not an Intersection,4,On Roadside,0,None,2,Dark - Not Lighted,1,Clear,0,No,0,Not Applicable,99,Unknown,98,Unknown if Notified,99,Unknown EMS Scene Arrival Hour,98,Unknown if Arrived,88,Not Applicable (Not Transported),88,Not Applicable (Not Transported),1
43,Puerto Rico,430133,0,0,2,2,0,2,2,65,HATILLO (65),470,HATILLO,6,June,13,13,1,Sunday,2021,0,0:00am-0:59am,36,36,CR-129,,4,County Road,2,Urban,3,Principal Arterial - Other,2,County Highway Agency,1,This section IS ON the NHS,0,No Special Jurisdiction,101,101,18.39799444,18.39799444,-66.78008056,-66.78008056,12,Motor Vehicle In-Transport,2,Front-to-Front,0,No,1,Non-Junction,1,Not an Intersection,1,On Roadway,0,None,2,Dark - Not Lighted,10,Cloudy,0,No,0,Not Applicable,99,Unknown,98,Unknown if Notified,99,Unknown EMS Scene Arrival Hour,98,Unknown if Arrived,88,Not Applicable (Not Transported),88,Not Applicable (Not Transported),1
43,Puerto Rico,430134,0,0,2,2,0,3,3,31,CAROLINA (31),200,CAROLINA,6,June,13,13,1,Sunday,2021,23,11:00pm-11:59pm,24,24,I-66,,1,Interstate,2,Urban,1,Interstate,1,State Highway Agency,1,This section IS ON the NHS,0,No Special Jurisdiction,16,16,18.38033889,18.38033889,-65.97590833,-65.97590833,12,Motor Vehicle In-Transport,6,Angle,0,No,1,Non-Junction,1,Not an Intersection,1,On Roadway,0,None,2,Dark - Not Lighted,1,Clear,0,No,0,Not Applicable,99,Unknown,98,Unknown if Notified,99,Unknown EMS Scene Arrival Hour,98,Unknown if Arrived,88,Not Applicable (Not Transported),88,Not Applicable (Not Transported),1
43,Puerto Rico,430135,0,0,1,1,0,1,1,103,NAGUABO (103),690,NAGUABO,6,June,6,6,1,Sunday,2021,19,7:00pm-7:59pm,0,0,I-53,,1,Interstate,1,Rural,1,Interstate,1,State Highway Agency,1,This section IS ON the NHS,0,No Special Jurisdiction,154,154,18.21403333,18.21403333,-65.71386111,-65.71386111,25,Concrete Traffic Barrier,0,The First Harmful Event was Not a Collision with a Motor Vehicle in Transport,0,No,1,Non-Junction,1,Not an Intersection,4,On Roadside,0,None,2,Dark - Not Lighted,1,Clear,0,No,0,Not Applicable,99,Unknown,98,Unknown if Notified,99,Unknown EMS Scene Arrival Hour,98,Unknown if Arrived,88,Not Applicable (Not Transported),88,Not Applicable (Not Transported),1
43,Puerto Rico,430136,1,1,1,1,0,1,1,5,AGUADILLA (5),30,AGUADILLA,6,June,9,9,4,Wednesday,2021,10,10:00am-10:59am,45,45,CR-107,,4,County Road,2,Urban,3,Principal Arterial - Other,2,County Highway Agency,1,This section IS ON the NHS,0,No Special Jurisdiction,28,28,18.46715556,18.46715556,-67.15315556,-67.15315556,8,Pedestrian,0,The First Harmful Event was Not a Collision with a Motor Vehicle in Transport,0,No,1,Non-Junction,1,Not an Intersection,1,On Roadway,0,None,1,Daylight,1,Clear,0,No,0,Not Applicable,99,Unknown,98,Unknown if Notified,99,Unknown EMS Scene Arrival Hour,98,Unknown if Arrived,88,Not Applicable (Not Transported),88,Not Applicable (Not Transported),1
43,Puerto Rico,430137,0,0,2,2,0,2,2,41,CIDRA (41),280,CIDRA,6,June,16,16,4,Wednesday,2021,22,10:00pm-10:59pm,53,53,CR-172,,4,County Road,1,Rural,3,Principal Arterial - Other,2,County Highway Agency,1,This section IS ON the NHS,0,No Special Jurisdiction,140,140,18.17655278,18.17655278,-66.15898056,-66.15898056,12,Motor Vehicle In-Transport,2,Front-to-Front,0,No,1,Non-Junction,1,Not an Intersection,1,On Roadway,0,None,3,Dark - Lighted,1,Clear,0,No,0,Not Applicable,99,Unknown,98,Unknown if Notified,99,Unknown EMS Scene Arrival Hour,98,Unknown if Arrived,88,Not Applicable (Not Transported),88,Not Applicable (Not Transported),1
43,Puerto Rico,430138,0,0,2,2,0,2,2,21,BAYAMON (21),140,BAYAMON,6,June,17,17,5,Thursday,2021,12,12:00pm-12:59pm,45,45,CR-SANTA JUANITA AVE,INT DELFIN ST,4,County Road,2,Urban,7,Local,2,County Highway Agency,0,This section IS NOT on the NHS,0,No Special Jurisdiction,0,None,18.35861389,18.35861389,-66.16406111,-66.16406111,12,Motor Vehicle In-Transport,2,Front-to-Front,1,Yes,2,Intersection,3,T-Intersection,1,On Roadway,0,None,1,Daylight,1,Clear,0,No,0,Not Applicable,99,Unknown,98,Unknown if Notified,99,Unknown EMS Scene Arrival Hour,98,Unknown if Arrived,88,Not Applicable (Not Transported),88,Not Applicable (Not Transported),1
43,Puerto Rico,430139,0,0,2,1,1,1,1,99,MOCA (99),670,MOCA,6,June,20,20,1,Sunday,2021,17,5:00pm-5:59pm,48,48,CR-434,,4,County Road,1,Rural,6,Minor Collector,2,County Highway Agency,0,This section IS NOT on the NHS,0,No Special Jurisdiction,23,23,18.38368889,18.38368889,-67.07774444,-67.07774444,14,Parked Motor Vehicle,0,The First Harmful Event was Not a Collision with a Motor Vehicle in Transport,0,No,1,Non-Junction,1,Not an Intersection,5,Outside Trafficway,0,None,1,Daylight,1,Clear,0,No,0,Not Applicable,99,Unknown,98,Unknown if Notified,99,Unknown EMS Scene Arrival Hour,98,Unknown if Arrived,88,Not Applicable (Not Transported),88,Not Applicable (Not Transported),1
43,Puerto Rico,430140,1,1,1,1,0,2,2,113,PONCE (113),760,PONCE,6,June,20,20,1,Sunday,2021,21,9:00pm-9:59pm,26,26,CR-506,,4,County Road,2,Urban,4,Minor Arterial,2,County Highway Agency,0,This section IS NOT on the NHS,0,No Special Jurisdiction,13,13,18.03825,18.03825,-66.54848333,-66.54848333,8,Pedestrian,0,The First Harmful Event was Not a Collision with a Motor Vehicle in Transport,0,No,1,Non-Junction,1,Not an Intersection,1,On Roadway,0,None,3,Dark - Lighted,1,Clear,0,No,0,Not Applicable,99,Unknown,98,Unknown if Notified,99,Unknown EMS Scene Arrival Hour,98,Unknown if Arrived,88,Not Applicable (Not Transported),88,Not Applicable (Not Transported),1
43,Puerto Rico,430141,0,0,1,1,0,1,1,21,BAYAMON (21),140,BAYAMON,6,June,21,21,2,Monday,2021,0,0:00am-0:59am,58,58,CR-167,,4,County Road,2,Urban,3,Principal Arterial - Other,2,County Highway Agency,1,This section IS ON the NHS,0,No Special Jurisdiction,263,263,18.42670556,18.42670556,-66.164775,-66.164775,30,Utility Pole/Light Support,0,The First Harmful Event was Not a Collision with a Motor Vehicle in Transport,0,No,1,Non-Junction,1,Not an Intersection,4,On Roadside,0,None,2,Dark - Not Lighted,10,Cloudy,0,No,0,Not Applicable,99,Unknown,98,Unknown if Notified,99,Unknown EMS Scene Arrival Hour,98,Unknown if Arrived,88,Not Applicable (Not Transported),88,Not Applicable (Not Transported),1
43,Puerto Rico,430142,1,1,1,1,0,1,1,85,LAS PIEDRAS (85),590,LAS PIEDRAS,6,June,22,22,3,Tuesday,2021,5,5:00am-5:59am,0,0,CR-31,,4,County Road,1,Rural,4,Minor Arterial,2,County Highway Agency,0,This section IS NOT on the NHS,0,No Special Jurisdiction,165,165,18.22900278,18.22900278,-65.84283333,-65.84283333,8,Pedestrian,0,The First Harmful Event was Not a Collision with a Motor Vehicle in Transport,0,No,1,Non-Junction,1,Not an Intersection,1,On Roadway,0,None,2,Dark - Not Lighted,2,Rain,0,No,0,Not Applicable,99,Unknown,98,Unknown if Notified,99,Unknown EMS Scene Arrival Hour,98,Unknown if Arrived,88,Not Applicable (Not Transported),88,Not Applicable (Not Transported),1
43,Puerto Rico,430143,0,0,1,1,0,1,1,97,MAYAGUEZ (97),650,MAYAGUEZ,6,June,23,23,4,Wednesday,2021,2,2:00am-2:59am,50,50,I-2,,1,Interstate,1,Rural,1,Interstate,1,State Highway Agency,1,This section IS ON the NHS,0,No Special Jurisdiction,1602,1602,18.15545278,18.15545278,-67.14520833,-67.14520833,30,Utility Pole/Light Support,0,The First Harmful Event was Not a Collision with a Motor Vehicle in Transport,0,No,1,Non-Junction,1,Not an Intersection,4,On Roadside,0,None,3,Dark - Lighted,1,Clear,0,No,0,Not Applicable,99,Unknown,98,Unknown if Notified,99,Unknown EMS Scene Arrival Hour,98,Unknown if Arrived,88,Not Applicable (Not Transported),88,Not Applicable (Not Transported),1
43,Puerto Rico,430144,0,0,1,1,0,1,1,63,GURABO (63),460,GURABO,6,June,23,23,4,Wednesday,2021,13,1:00pm-1:59pm,26,26,CR-203,,4,County Road,1,Rural,3,Principal Arterial - Other,2,County Highway Agency,1,This section IS ON the NHS,0,No Special Jurisdiction,10,10,18.23603056,18.23603056,-65.98799167,-65.98799167,25,Concrete Traffic Barrier,0,The First Harmful Event was Not a Collision with a Motor Vehicle in Transport,0,No,1,Non-Junction,1,Not an Intersection,3,On Median,0,None,1,Daylight,1,Clear,0,No,0,Not Applicable,13,1:00pm-1:59pm,28,28,13,1:00pm-1:59pm,35,35,88,Not Applicable (Not Transported),88,Not Applicable (Not Transported),1
43,Puerto Rico,430145,0,0,2,1,1,1,1,17,BARCELONETA (17),120,BARCELONETA,6,June,25,25,6,Friday,2021,9,9:00am-9:59am,9,9,CR-2,,4,County Road,2,Urban,3,Principal Arterial - Other,2,County Highway Agency,1,This section IS ON the NHS,0,No Special Jurisdiction,572,572,18.43229722,18.43229722,-66.55592778,-66.55592778,14,Parked Motor Vehicle,0,The First Harmful Event was Not a Collision with a Motor Vehicle in Transport,0,No,1,Non-Junction,1,Not an Intersection,5,Outside Trafficway,0,None,1,Daylight,1,Clear,0,No,0,Not Applicable,9,9:00am-9:59am,9,9,9,9:00am-9:59am,15,15,88,Not Applicable (Not Transported),88,Not Applicable (Not Transported),1
43,Puerto Rico,430146,0,0,1,1,0,1,1,1,ADJUNTAS (1),10,ADJUNTAS,7,July,2,2,6,Friday,2021,23,11:00pm-11:59pm,50,50,CR-123,,4,County Road,1,Rural,4,Minor Arterial,2,County Highway Agency,0,This section IS NOT on the NHS,0,No Special Jurisdiction,366,366,18.17351944,18.17351944,-66.73448333,-66.73448333,35,Embankment,0,The First Harmful Event was Not a Collision with a Motor Vehicle in Transport,0,No,1,Non-Junction,1,Not an Intersection,4,On Roadside,0,None,2,Dark - Not Lighted,1,Clear,0,No,0,Not Applicable,23,11:00pm-11:59pm,56,56,23,11:00pm-11:59pm,58,58,88,Not Applicable (Not Transported),88,Not Applicable (Not Transported),1
43,Puerto Rico,430147,0,0,1,1,0,1,1,79,LAJAS (79),550,LAJAS,7,July,2,2,6,Friday,2021,22,10:00pm-10:59pm,20,20,CR-117,,4,County Road,1,Rural,4,Minor Arterial,2,County Highway Agency,0,This section IS NOT on the NHS,0,No Special Jurisdiction,52,52,18.03903333,18.03903333,-67.01298611,-67.01298611,38,Fence,0,The First Harmful Event was Not a Collision with a Motor Vehicle in Transport,0,No,1,Non-Junction,1,Not an Intersection,6,Off Roadway-Location Unknown,0,None,3,Dark - Lighted,10,Cloudy,0,No,0,Not Applicable,99,Unknown,98,Unknown if Notified,99,Unknown EMS Scene Arrival Hour,98,Unknown if Arrived,88,Not Applicable (Not Transported),88,Not Applicable (Not Transported),1
43,Puerto Rico,430148,0,0,2,2,0,4,4,3,AGUADA (3),20,AGUADA,7,July,2,2,6,Friday,2021,18,6:00pm-6:59pm,20,20,I-2,,1,Interstate,2,Urban,1,Interstate,1,State Highway Agency,1,This section IS ON the NHS,0,No Special Jurisdiction,1386,1386,18.3328,18.3328,-67.15629444,-67.15629444,12,Motor Vehicle In-Transport,2,Front-to-Front,0,No,1,Non-Junction,1,Not an Intersection,1,On Roadway,0,None,1,Daylight,1,Clear,0,No,0,Not Applicable,99,Unknown,98,Unknown if Notified,99,Unknown EMS Scene Arrival Hour,98,Unknown if Arrived,88,Not Applicable (Not Transported),88,Not Applicable (Not Transported),1