STATE,STATENAME,ST_CASE,PEDS,PERNOTMVIT,VE_TOTAL,VE_FORMS,PVH_INVL,PERSONS,PERMVIT,COUNTY,COUNTYNAME,CITY,CITYNAME,MONTH,MONTHNAME,DAY,DAYNAME,DAY_WEEK,DAY_WEEKNAME,YEAR,HOUR,HOURNAME,MINUTE,MINUTENAME,TWAY_ID,TWAY_ID2,ROUTE,ROUTENAME,RUR_URB,RUR_URBNAME,FUNC_SYS,FUNC_SYSNAME,RD_OWNER,RD_OWNERNAME,NHS,NHSNAME,SP_JUR,SP_JURNAME,MILEPT,MILEPTNAME,LATITUDE,LATITUDENAME,LONGITUD,LONGITUDNAME,HARM_EV,HARM_EVNAME,MAN_COLL,MAN_COLLNAME,RELJCT1,RELJCT1NAME,RELJCT2,RELJCT2NAME,TYP_INT,TYP_INTNAME,REL_ROAD,REL_ROADNAME,WRK_ZONE,WRK_ZONENAME,LGT_COND,LGT_CONDNAME,WEATHER,WEATHERNAME,SCH_BUS,SCH_BUSNAME,RAIL,RAILNAME,NOT_HOUR,NOT_HOURNAME,NOT_MIN,NOT_MINNAME,ARR_HOUR,ARR_HOURNAME,ARR_MIN,ARR_MINNAME,HOSP_HR,HOSP_HRNAME,HOSP_MN,HOSP_MNNAME,FATALS
43,Puerto Rico,430187,1,1,1,1,0,1,1,5,AGUADILLA (5),30,AGUADILLA,8,August,23,23,2,Monday,2021,20,8:00pm-8:59pm,0,0,I-2,,1,Interstate,2,Urban,1,Interstate,1,State Highway Agency,1,This section IS ON the NHS,0,No Special Jurisdiction,1242,1242,18.43980833,18.43980833,-67.13459444,-67.13459444,8,Pedestrian,0,The First Harmful Event was Not a Collision with a Motor Vehicle in Transport,0,No,1,Non-Junction,1,Not an Intersection,1,On Roadway,0,None,2,Dark - Not Lighted,1,Clear,0,No,0,Not Applicable,20,8:00pm-8:59pm,5,5,20,8:00pm-8:59pm,10,10,88,Not Applicable (Not Transported),88,Not Applicable (Not Transported),1
43,Puerto Rico,430188,0,0,2,2,0,2,2,119,RIO GRANDE (119),820,RIO GRANDE,8,August,23,23,2,Monday,2021,18,6:00pm-6:59pm,10,10,CR-187,,4,County Road,1,Rural,4,Minor Arterial,2,County Highway Agency,0,This section IS NOT on the NHS,0,No Special Jurisdiction,290,290,18.37751111,18.37751111,-65.82840556,-65.82840556,12,Motor Vehicle In-Transport,8,Sideswipe - Opposite Direction,0,No,1,Non-Junction,1,Not an Intersection,1,On Roadway,0,None,5,Dusk,1,Clear,0,No,0,Not Applicable,99,Unknown,98,Unknown if Notified,99,Unknown EMS Scene Arrival Hour,98,Unknown if Arrived,88,Not Applicable (Not Transported),88,Not Applicable (Not Transported),1
43,Puerto Rico,430189,0,0,2,2,0,5,5,75,JUANA DIAZ (75),530,JUANA DIAZ,8,August,25,25,4,Wednesday,2021,23,11:00pm-11:59pm,50,50,CR-149,,4,County Road,2,Urban,4,Minor Arterial,2,County Highway Agency,0,This section IS NOT on the NHS,0,No Special Jurisdiction,674,674,18.05168056,18.05168056,-66.50929722,-66.50929722,12,Motor Vehicle In-Transport,2,Front-to-Front,0,No,1,Non-Junction,1,Not an Intersection,1,On Roadway,0,None,2,Dark - Not Lighted,1,Clear,0,No,0,Not Applicable,0,0:00am-0:59am,6,6,0,0:00am-0:59am,10,10,88,Not Applicable (Not Transported),88,Not Applicable (Not Transported),1
43,Puerto Rico,430190,0,0,1,1,0,1,1,33,CATANO (33),220,CATANO,3,March,16,16,3,Tuesday,2021,23,11:00pm-11:59pm,0,0,CR-165,,4,County Road,2,Urban,3,Principal Arterial - Other,2,County Highway Agency,1,This section IS ON the NHS,0,No Special Jurisdiction,338,338,18.45209444,18.45209444,-66.14024444,-66.14024444,42,Tree (Standing Only),0,The First Harmful Event was Not a Collision with a Motor Vehicle in Transport,0,No,1,Non-Junction,1,Not an Intersection,4,On Roadside,0,None,2,Dark - Not Lighted,1,Clear,0,No,0,Not Applicable,99,Unknown,98,Unknown if Notified,99,Unknown EMS Scene Arrival Hour,98,Unknown if Arrived,88,Not Applicable (Not Transported),88,Not Applicable (Not Transported),1
43,Puerto Rico,430191,0,0,2,2,0,3,3,105,NARANJITO (105),700,NARANJITO,7,July,16,16,6,Friday,2021,10,10:00am-10:59am,30,30,CR-152,,4,County Road,1,Rural,4,Minor Arterial,2,County Highway Agency,0,This section IS NOT on the NHS,0,No Special Jurisdiction,132,132,18.265525,18.265525,-66.275275,-66.275275,12,Motor Vehicle In-Transport,2,Front-to-Front,0,No,1,Non-Junction,1,Not an Intersection,1,On Roadway,0,None,1,Daylight,1,Clear,0,No,0,Not Applicable,99,Unknown,98,Unknown if Notified,99,Unknown EMS Scene Arrival Hour,98,Unknown if Arrived,88,Not Applicable (Not Transported),88,Not Applicable (Not Transported),1
43,Puerto Rico,430192,1,1,1,1,0,1,1,13,ARECIBO (13),90,ARECIBO,8,August,28,28,7,Saturday,2021,0,0:00am-0:59am,59,59,CR-681,,4,County Road,1,Rural,6,Minor Collector,2,County Highway Agency,0,This section IS NOT on the NHS,0,No Special Jurisdiction,5,5,18.46718611,18.46718611,-66.71274722,-66.71274722,8,Pedestrian,0,The First Harmful Event was Not a Collision with a Motor Vehicle in Transport,0,No,1,Non-Junction,1,Not an Intersection,2,On Shoulder,0,None,2,Dark - Not Lighted,1,Clear,0,No,0,Not Applicable,0,0:00am-0:59am,59,59,99,Unknown EMS Scene Arrival Hour,98,Unknown if Arrived,88,Not Applicable (Not Transported),88,Not Applicable (Not Transported),1
43,Puerto Rico,430193,2,2,1,1,0,1,1,143,VEGA ALTA (143),1010,VEGA ALTA,8,August,28,28,7,Saturday,2021,19,7:00pm-7:59pm,10,10,CR-690,,4,County Road,1,Rural,4,Minor Arterial,2,County Highway Agency,0,This section IS NOT on the NHS,0,No Special Jurisdiction,40,40,18.45169167,18.45169167,-66.34410278,-66.34410278,8,Pedestrian,0,The First Harmful Event was Not a Collision with a Motor Vehicle in Transport,0,No,1,Non-Junction,1,Not an Intersection,2,On Shoulder,0,None,2,Dark - Not Lighted,1,Clear,0,No,0,Not Applicable,99,Unknown,98,Unknown if Notified,99,Unknown EMS Scene Arrival Hour,98,Unknown if Arrived,88,Not Applicable (Not Transported),88,Not Applicable (Not Transported),1
43,Puerto Rico,430194,1,1,1,1,0,4,4,23,CABO ROJO (23),160,CABO ROJO,8,August,28,28,7,Saturday,2021,19,7:00pm-7:59pm,41,41,CR-100,,4,County Road,1,Rural,3,Principal Arterial - Other,2,County Highway Agency,1,This section IS ON the NHS,0,No Special Jurisdiction,136,136,18.12901944,18.12901944,-67.15977222,-67.15977222,8,Pedestrian,0,The First Harmful Event was Not a Collision with a Motor Vehicle in Transport,0,No,1,Non-Junction,1,Not an Intersection,1,On Roadway,0,None,2,Dark - Not Lighted,1,Clear,0,No,0,Not Applicable,99,Unknown,98,Unknown if Notified,99,Unknown EMS Scene Arrival Hour,98,Unknown if Arrived,88,Not Applicable (Not Transported),88,Not Applicable (Not Transported),1
43,Puerto Rico,430195,0,0,2,2,0,2,2,17,BARCELONETA (17),120,BARCELONETA,8,August,28,28,7,Saturday,2021,21,9:00pm-9:59pm,30,30,CR-140,,4,County Road,1,Rural,4,Minor Arterial,2,County Highway Agency,0,This section IS NOT on the NHS,0,No Special Jurisdiction,610,610,18.41492778,18.41492778,-66.570375,-66.570375,12,Motor Vehicle In-Transport,2,Front-to-Front,0,No,1,Non-Junction,1,Not an Intersection,1,On Roadway,0,None,2,Dark - Not Lighted,1,Clear,0,No,0,Not Applicable,99,Unknown,98,Unknown if Notified,99,Unknown EMS Scene Arrival Hour,98,Unknown if Arrived,88,Not Applicable (Not Transported),88,Not Applicable (Not Transported),1
43,Puerto Rico,430196,0,0,1,1,0,2,2,127,SAN JUAN (127),930,SAN JUAN,8,August,29,29,1,Sunday,2021,0,0:00am-0:59am,10,10,CR-26,,4,County Road,2,Urban,3,Principal Arterial - Other,2,County Highway Agency,1,This section IS ON the NHS,0,No Special Jurisdiction,8,8,18.45571111,18.45571111,-66.07895278,-66.07895278,25,Concrete Traffic Barrier,0,The First Harmful Event was Not a Collision with a Motor Vehicle in Transport,0,No,1,Non-Junction,1,Not an Intersection,4,On Roadside,0,None,3,Dark - Lighted,1,Clear,0,No,0,Not Applicable,99,Unknown,98,Unknown if Notified,99,Unknown EMS Scene Arrival Hour,98,Unknown if Arrived,88,Not Applicable (Not Transported),88,Not Applicable (Not Transported),1
43,Puerto Rico,430197,1,1,1,1,0,1,1,31,CAROLINA (31),200,CAROLINA,8,August,29,29,1,Sunday,2021,21,9:00pm-9:59pm,38,38,CR-SANCHEZ OSORIO AVE,,4,County Road,2,Urban,5,Major Collector,2,County Highway Agency,0,This section IS NOT on the NHS,0,No Special Jurisdiction,0,None,18.39213056,18.39213056,-65.97670278,-65.97670278,8,Pedestrian,0,The First Harmful Event was Not a Collision with a Motor Vehicle in Transport,0,No,1,Non-Junction,1,Not an Intersection,1,On Roadway,0,None,3,Dark - Lighted,1,Clear,0,No,0,Not Applicable,99,Unknown,98,Unknown if Notified,99,Unknown EMS Scene Arrival Hour,98,Unknown if Arrived,88,Not Applicable (Not Transported),88,Not Applicable (Not Transported),1
43,Puerto Rico,430198,1,1,1,1,0,1,1,127,SAN JUAN (127),930,SAN JUAN,9,September,3,3,6,Friday,2021,5,5:00am-5:59am,40,40,CR-181,INT PARK GARDENS AVE,4,County Road,2,Urban,5,Major Collector,2,County Highway Agency,0,This section IS NOT on the NHS,0,No Special Jurisdiction,0,None,18.38903889,18.38903889,-66.03074167,-66.03074167,8,Pedestrian,0,The First Harmful Event was Not a Collision with a Motor Vehicle in Transport,1,Yes,3,Intersection-Related,3,T-Intersection,1,On Roadway,0,None,2,Dark - Not Lighted,1,Clear,0,No,0,Not Applicable,99,Unknown,98,Unknown if Notified,99,Unknown EMS Scene Arrival Hour,98,Unknown if Arrived,88,Not Applicable (Not Transported),88,Not Applicable (Not Transported),1
43,Puerto Rico,430199,1,1,1,1,0,1,1,35,CAYEY (35),230,CAYEY,9,September,7,7,3,Tuesday,2021,19,7:00pm-7:59pm,7,7,CR-743,,4,County Road,1,Rural,6,Minor Collector,2,County Highway Agency,0,This section IS NOT on the NHS,0,No Special Jurisdiction,18,18,18.12875278,18.12875278,-66.11109722,-66.11109722,15,Non-Motorist on Personal Conveyance,0,The First Harmful Event was Not a Collision with a Motor Vehicle in Transport,0,No,1,Non-Junction,1,Not an Intersection,1,On Roadway,0,None,2,Dark - Not Lighted,1,Clear,0,No,0,Not Applicable,99,Unknown,98,Unknown if Notified,99,Unknown EMS Scene Arrival Hour,98,Unknown if Arrived,88,Not Applicable (Not Transported),88,Not Applicable (Not Transported),1
43,Puerto Rico,430200,0,0,1,1,0,1,1,51,DORADO (51),360,DORADO,9,September,12,12,1,Sunday,2021,21,9:00pm-9:59pm,0,0,CR-165,,4,County Road,1,Rural,4,Minor Arterial,2,County Highway Agency,0,This section IS NOT on the NHS,0,No Special Jurisdiction,134,134,18.40833889,18.40833889,-66.26054444,-66.26054444,42,Tree (Standing Only),0,The First Harmful Event was Not a Collision with a Motor Vehicle in Transport,0,No,1,Non-Junction,1,Not an Intersection,6,Off Roadway-Location Unknown,0,None,3,Dark - Lighted,2,Rain,0,No,0,Not Applicable,99,Unknown,98,Unknown if Notified,99,Unknown EMS Scene Arrival Hour,98,Unknown if Arrived,88,Not Applicable (Not Transported),88,Not Applicable (Not Transported),1
43,Puerto Rico,430201,0,0,1,1,0,1,1,129,SAN LORENZO (129),940,SAN LORENZO,9,September,12,12,1,Sunday,2021,23,11:00pm-11:59pm,30,30,CR-183,,4,County Road,2,Urban,4,Minor Arterial,2,County Highway Agency,0,This section IS NOT on the NHS,0,No Special Jurisdiction,104,104,18.18321111,18.18321111,-65.96613333,-65.96613333,39,Wall,0,The First Harmful Event was Not a Collision with a Motor Vehicle in Transport,0,No,1,Non-Junction,1,Not an Intersection,6,Off Roadway-Location Unknown,0,None,2,Dark - Not Lighted,1,Clear,0,No,0,Not Applicable,99,Unknown,98,Unknown if Notified,99,Unknown EMS Scene Arrival Hour,98,Unknown if Arrived,88,Not Applicable (Not Transported),88,Not Applicable (Not Transported),1
43,Puerto Rico,430202,0,0,1,1,0,1,1,77,JUNCOS (77),540,JUNCOS,9,September,16,16,5,Thursday,2021,20,8:00pm-8:59pm,30,30,CR-9919,,4,County Road,2,Urban,4,Minor Arterial,2,County Highway Agency,0,This section IS NOT on the NHS,0,No Special Jurisdiction,24,24,18.22496111,18.22496111,-65.93661944,-65.93661944,30,Utility Pole/Light Support,0,The First Harmful Event was Not a Collision with a Motor Vehicle in Transport,0,No,1,Non-Junction,1,Not an Intersection,4,On Roadside,0,None,3,Dark - Lighted,1,Clear,0,No,0,Not Applicable,99,Unknown,98,Unknown if Notified,99,Unknown EMS Scene Arrival Hour,98,Unknown if Arrived,88,Not Applicable (Not Transported),88,Not Applicable (Not Transported),1
43,Puerto Rico,430203,0,2,2,1,1,3,1,51,DORADO (51),360,DORADO,2,February,14,14,1,Sunday,2021,2,2:00am-2:59am,32,32,I-22,,1,Interstate,1,Rural,1,Interstate,1,State Highway Agency,1,This section IS ON the NHS,0,No Special Jurisdiction,239,239,18.41948056,18.41948056,-66.26677222,-66.26677222,14,Parked Motor Vehicle,0,The First Harmful Event was Not a Collision with a Motor Vehicle in Transport,0,No,1,Non-Junction,1,Not an Intersection,6,Off Roadway-Location Unknown,0,None,3,Dark - Lighted,1,Clear,0,No,0,Not Applicable,99,Unknown,98,Unknown if Notified,99,Unknown EMS Scene Arrival Hour,98,Unknown if Arrived,88,Not Applicable (Not Transported),88,Not Applicable (Not Transported),1
43,Puerto Rico,430204,0,0,2,2,0,2,2,123,SALINAS (123),900,SALINAS,5,May,12,12,4,Wednesday,2021,13,1:00pm-1:59pm,0,0,CR-1,,4,County Road,2,Urban,4,Minor Arterial,2,County Highway Agency,0,This section IS NOT on the NHS,0,No Special Jurisdiction,932,932,17.97829722,17.97829722,-66.32005278,-66.32005278,12,Motor Vehicle In-Transport,6,Angle,0,No,1,Non-Junction,1,Not an Intersection,1,On Roadway,0,None,1,Daylight,1,Clear,0,No,0,Not Applicable,99,Unknown,98,Unknown if Notified,99,Unknown EMS Scene Arrival Hour,98,Unknown if Arrived,88,Not Applicable (Not Transported),88,Not Applicable (Not Transported),1
43,Puerto Rico,430205,0,0,7,7,0,12,12,1,ADJUNTAS (1),10,ADJUNTAS,8,August,22,22,1,Sunday,2021,16,4:00pm-4:59pm,59,59,CR-10,,4,County Road,2,Urban,3,Principal Arterial - Other,2,County Highway Agency,1,This section IS ON the NHS,0,No Special Jurisdiction,384,384,18.17256944,18.17256944,-66.72160278,-66.72160278,25,Concrete Traffic Barrier,0,The First Harmful Event was Not a Collision with a Motor Vehicle in Transport,0,No,1,Non-Junction,1,Not an Intersection,3,On Median,0,None,1,Daylight,1,Clear,0,No,0,Not Applicable,16,4:00pm-4:59pm,59,59,17,5:00pm-5:59pm,10,10,88,Not Applicable (Not Transported),88,Not Applicable (Not Transported),1
43,Puerto Rico,430206,1,1,1,1,0,1,1,51,DORADO (51),360,DORADO,8,August,22,22,1,Sunday,2021,22,10:00pm-10:59pm,40,40,I-22,,1,Interstate,2,Urban,1,Interstate,1,State Highway Agency,1,This section IS ON the NHS,0,No Special Jurisdiction,240,240,18.41959167,18.41959167,-66.26771389,-66.26771389,8,Pedestrian,0,The First Harmful Event was Not a Collision with a Motor Vehicle in Transport,0,No,1,Non-Junction,1,Not an Intersection,1,On Roadway,0,None,2,Dark - Not Lighted,1,Clear,0,No,0,Not Applicable,99,Unknown,98,Unknown if Notified,99,Unknown EMS Scene Arrival Hour,98,Unknown if Arrived,88,Not Applicable (Not Transported),88,Not Applicable (Not Transported),1
43,Puerto Rico,430207,0,0,1,1,0,1,1,137,TOA BAJA (137),980,TOA BAJA,9,September,9,9,5,Thursday,2021,23,11:00pm-11:59pm,30,30,CR-2,,4,County Road,1,Rural,3,Principal Arterial - Other,2,County Highway Agency,1,This section IS ON the NHS,0,No Special Jurisdiction,190,190,18.40416944,18.40416944,-66.22116944,-66.22116944,5,Fell/Jumped from Vehicle,0,The First Harmful Event was Not a Collision with a Motor Vehicle in Transport,0,No,1,Non-Junction,1,Not an Intersection,1,On Roadway,0,None,2,Dark - Not Lighted,1,Clear,0,No,0,Not Applicable,99,Unknown,98,Unknown if Notified,99,Unknown EMS Scene Arrival Hour,98,Unknown if Arrived,88,Not Applicable (Not Transported),88,Not Applicable (Not Transported),1
43,Puerto Rico,430208,0,0,2,2,0,5,5,151,YABUCOA (151),1050,YABUCOA,9,September,11,11,7,Saturday,2021,21,9:00pm-9:59pm,25,25,CR-182,INT PR 9909,4,County Road,1,Rural,4,Minor Arterial,2,County Highway Agency,0,This section IS NOT on the NHS,0,No Special Jurisdiction,0,None,18.05403889,18.05403889,-65.88361667,-65.88361667,12,Motor Vehicle In-Transport,8,Sideswipe - Opposite Direction,1,Yes,2,Intersection,3,T-Intersection,1,On Roadway,0,None,2,Dark - Not Lighted,1,Clear,0,No,0,Not Applicable,99,Unknown,98,Unknown if Notified,99,Unknown EMS Scene Arrival Hour,98,Unknown if Arrived,88,Not Applicable (Not Transported),88,Not Applicable (Not Transported),1
43,Puerto Rico,430209,0,0,2,2,0,3,3,25,CAGUAS (25),170,CAGUAS,9,September,12,12,1,Sunday,2021,12,12:00pm-12:59pm,58,58,I-52,,1,Interstate,1,Rural,1,Interstate,1,State Highway Agency,1,This section IS ON the NHS,0,No Special Jurisdiction,101,101,18.30742778,18.30742778,-66.03584444,-66.03584444,12,Motor Vehicle In-Transport,1,Front-to-Rear,0,No,1,Non-Junction,1,Not an Intersection,1,On Roadway,0,None,1,Daylight,10,Cloudy,0,No,0,Not Applicable,99,Unknown,98,Unknown if Notified,99,Unknown EMS Scene Arrival Hour,98,Unknown if Arrived,88,Not Applicable (Not Transported),88,Not Applicable (Not Transported),1
43,Puerto Rico,430210,0,0,1,1,0,1,1,69,HUMACAO (69),500,HUMACAO,9,September,16,16,5,Thursday,2021,22,10:00pm-10:59pm,20,20,CR-30,,4,County Road,1,Rural,3,Principal Arterial - Other,2,County Highway Agency,1,This section IS ON the NHS,0,No Special Jurisdiction,250,250,18.15808333,18.15808333,-65.84774444,-65.84774444,25,Concrete Traffic Barrier,0,The First Harmful Event was Not a Collision with a Motor Vehicle in Transport,0,No,1,Non-Junction,1,Not an Intersection,4,On Roadside,0,None,2,Dark - Not Lighted,1,Clear,0,No,0,Not Applicable,99,Unknown,98,Unknown if Notified,99,Unknown EMS Scene Arrival Hour,98,Unknown if Arrived,88,Not Applicable (Not Transported),88,Not Applicable (Not Transported),1
43,Puerto Rico,430211,0,0,2,2,0,2,2,153,YAUCO (153),1060,YAUCO,9,September,18,18,7,Saturday,2021,1,1:00am-1:59am,30,30,I-2,,1,Interstate,1,Rural,1,Interstate,1,State Highway Agency,1,This section IS ON the NHS,0,No Special Jurisdiction,1990,1990,18.02912222,18.02912222,-66.84555,-66.84555,12,Motor Vehicle In-Transport,2,Front-to-Front,0,No,1,Non-Junction,1,Not an Intersection,1,On Roadway,0,None,3,Dark - Lighted,1,Clear,0,No,0,Not Applicable,99,Unknown,98,Unknown if Notified,99,Unknown EMS Scene Arrival Hour,98,Unknown if Arrived,88,Not Applicable (Not Transported),88,Not Applicable (Not Transported),1
43,Puerto Rico,430212,0,0,2,2,0,8,8,113,PONCE (113),760,PONCE,9,September,19,19,1,Sunday,2021,19,7:00pm-7:59pm,20,20,CR-10,,4,County Road,1,Rural,3,Principal Arterial - Other,4,City or Municipal Highway Agency,1,This section IS ON the NHS,0,No Special Jurisdiction,70,70,18.03773056,18.03773056,-66.61241111,-66.61241111,12,Motor Vehicle In-Transport,6,Angle,0,No,1,Non-Junction,1,Not an Intersection,1,On Roadway,0,None,2,Dark - Not Lighted,2,Rain,0,No,0,Not Applicable,19,7:00pm-7:59pm,21,21,19,7:00pm-7:59pm,44,44,88,Not Applicable (Not Transported),88,Not Applicable (Not Transported),2
43,Puerto Rico,430213,0,0,5,5,0,6,6,21,BAYAMON (21),140,BAYAMON,9,September,21,21,3,Tuesday,2021,8,8:00am-8:59am,37,37,CR-5,,4,County Road,2,Urban,3,Principal Arterial - Other,2,County Highway Agency,1,This section IS ON the NHS,0,No Special Jurisdiction,0,None,18.383975,18.383975,-66.17200278,-66.17200278,12,Motor Vehicle In-Transport,8,Sideswipe - Opposite Direction,0,No,1,Non-Junction,1,Not an Intersection,1,On Roadway,0,None,1,Daylight,1,Clear,0,No,0,Not Applicable,99,Unknown,98,Unknown if Notified,99,Unknown EMS Scene Arrival Hour,98,Unknown if Arrived,88,Not Applicable (Not Transported),88,Not Applicable (Not Transported),1
43,Puerto Rico,430214,1,1,1,1,0,1,1,21,BAYAMON (21),140,BAYAMON,9,September,21,21,3,Tuesday,2021,21,9:00pm-9:59pm,0,0,CR-2,,4,County Road,1,Rural,3,Principal Arterial - Other,2,County Highway Agency,1,This section IS ON the NHS,0,No Special Jurisdiction,111,111,18.39576667,18.39576667,-66.15075,-66.15075,8,Pedestrian,0,The First Harmful Event was Not a Collision with a Motor Vehicle in Transport,0,No,1,Non-Junction,1,Not an Intersection,1,On Roadway,0,None,3,Dark - Lighted,2,Rain,0,No,0,Not Applicable,99,Unknown,98,Unknown if Notified,99,Unknown EMS Scene Arrival Hour,98,Unknown if Arrived,88,Not Applicable (Not Transported),88,Not Applicable (Not Transported),1
43,Puerto Rico,430215,0,0,1,1,0,2,2,63,GURABO (63),460,GURABO,9,September,22,22,4,Wednesday,2021,7,7:00am-7:59am,56,56,CR-189,,4,County Road,1,Rural,6,Minor Collector,2,County Highway Agency,0,This section IS NOT on the NHS,0,No Special Jurisdiction,100,100,18.24820278,18.24820278,-65.95060833,-65.95060833,30,Utility Pole/Light Support,0,The First Harmful Event was Not a Collision with a Motor Vehicle in Transport,0,No,1,Non-Junction,1,Not an Intersection,4,On Roadside,0,None,1,Daylight,1,Clear,0,No,0,Not Applicable,7,7:00am-7:59am,59,59,8,8:00am-8:59am,10,10,88,Not Applicable (Not Transported),88,Not Applicable (Not Transported),1
43,Puerto Rico,430216,0,0,1,1,0,1,1,127,SAN JUAN (127),930,SAN JUAN,9,September,25,25,7,Saturday,2021,6,6:00am-6:59am,22,22,CR-BORINQUEN AVE,,4,County Road,2,Urban,4,Minor Arterial,2,County Highway Agency,0,This section IS NOT on the NHS,0,No Special Jurisdiction,0,None,18.43553056,18.43553056,-66.04923889,-66.04923889,39,Wall,0,The First Harmful Event was Not a Collision with a Motor Vehicle in Transport,0,No,1,Non-Junction,1,Not an Intersection,6,Off Roadway-Location Unknown,0,None,1,Daylight,1,Clear,0,No,0,Not Applicable,99,Unknown,98,Unknown if Notified,99,Unknown EMS Scene Arrival Hour,98,Unknown if Arrived,88,Not Applicable (Not Transported),88,Not Applicable (Not Transported),1
43,Puerto Rico,430217,1,1,1,1,0,1,1,127,SAN JUAN (127),930,SAN JUAN,9,September,27,27,2,Monday,2021,5,5:00am-5:59am,0,0,CR-3,,4,County Road,2,Urban,3,Principal Arterial - Other,2,County Highway Agency,1,This section IS ON the NHS,0,No Special Jurisdiction,44,44,18.39707778,18.39707778,-66.0114,-66.0114,8,Pedestrian,0,The First Harmful Event was Not a Collision with a Motor Vehicle in Transport,0,No,1,Non-Junction,1,Not an Intersection,1,On Roadway,0,None,2,Dark - Not Lighted,1,Clear,0,No,0,Not Applicable,99,Unknown,98,Unknown if Notified,99,Unknown EMS Scene Arrival Hour,98,Unknown if Arrived,88,Not Applicable (Not Transported),88,Not Applicable (Not Transported),1
43,Puerto Rico,430218,1,1,1,1,0,1,1,5,AGUADILLA (5),30,AGUADILLA,9,September,28,28,3,Tuesday,2021,3,3:00am-3:59am,10,10,CR-111,,4,County Road,1,Rural,3,Principal Arterial - Other,2,County Highway Agency,1,This section IS ON the NHS,0,No Special Jurisdiction,15,15,18.40004722,18.40004722,-67.13781944,-67.13781944,8,Pedestrian,0,The First Harmful Event was Not a Collision with a Motor Vehicle in Transport,0,No,1,Non-Junction,1,Not an Intersection,1,On Roadway,0,None,2,Dark - Not Lighted,1,Clear,0,No,0,Not Applicable,3,3:00am-3:59am,18,18,3,3:00am-3:59am,25,25,88,Not Applicable (Not Transported),88,Not Applicable (Not Transported),1
43,Puerto Rico,430219,1,1,1,1,0,1,1,31,CAROLINA (31),200,CAROLINA,9,September,29,29,4,Wednesday,2021,19,7:00pm-7:59pm,9,9,CR-SANCHEZ OSORIO AVE,,4,County Road,2,Urban,5,Major Collector,2,County Highway Agency,0,This section IS NOT on the NHS,0,No Special Jurisdiction,0,None,18.4074,18.4074,-65.97878056,-65.97878056,8,Pedestrian,0,The First Harmful Event was Not a Collision with a Motor Vehicle in Transport,0,No,1,Non-Junction,1,Not an Intersection,1,On Roadway,0,None,3,Dark - Lighted,1,Clear,0,No,0,Not Applicable,19,7:00pm-7:59pm,12,12,19,7:00pm-7:59pm,20,20,88,Not Applicable (Not Transported),88,Not Applicable (Not Transported),1
43,Puerto Rico,430220,1,1,1,1,0,1,1,121,SABANA GRANDE (121),860,SABANA GRANDE,10,October,1,1,6,Friday,2021,6,6:00am-6:59am,43,43,CR-121,,4,County Road,2,Urban,4,Minor Arterial,2,County Highway Agency,0,This section IS NOT on the NHS,0,No Special Jurisdiction,7,7,18.07332222,18.07332222,-66.95951389,-66.95951389,8,Pedestrian,0,The First Harmful Event was Not a Collision with a Motor Vehicle in Transport,0,No,1,Non-Junction,1,Not an Intersection,1,On Roadway,0,None,1,Daylight,1,Clear,0,No,0,Not Applicable,99,Unknown,98,Unknown if Notified,99,Unknown EMS Scene Arrival Hour,98,Unknown if Arrived,88,Not Applicable (Not Transported),88,Not Applicable (Not Transported),1
43,Puerto Rico,430221,0,0,2,2,0,2,2,25,CAGUAS (25),170,CAGUAS,10,October,1,1,6,Friday,2021,18,6:00pm-6:59pm,50,50,CR-DEGETAU AVE,,4,County Road,2,Urban,5,Major Collector,2,County Highway Agency,0,This section IS NOT on the NHS,0,No Special Jurisdiction,0,None,18.22971944,18.22971944,-66.05604444,-66.05604444,12,Motor Vehicle In-Transport,1,Front-to-Rear,0,No,1,Non-Junction,1,Not an Intersection,1,On Roadway,0,None,2,Dark - Not Lighted,1,Clear,0,No,0,Not Applicable,19,7:00pm-7:59pm,5,5,9,9:00am-9:59am,15,15,88,Not Applicable (Not Transported),88,Not Applicable (Not Transported),1
43,Puerto Rico,430222,0,0,1,1,0,1,1,123,SALINAS (123),900,SALINAS,8,August,30,30,2,Monday,2021,17,5:00pm-5:59pm,13,13,CR-1,,4,County Road,1,Rural,4,Minor Arterial,2,County Highway Agency,0,This section IS NOT on the NHS,0,No Special Jurisdiction,940,940,17.97840833,17.97840833,-66.32754722,-66.32754722,1,Rollover/Overturn,0,The First Harmful Event was Not a Collision with a Motor Vehicle in Transport,0,No,1,Non-Junction,1,Not an Intersection,5,Outside Trafficway,0,None,1,Daylight,1,Clear,0,No,0,Not Applicable,99,Unknown,98,Unknown if Notified,99,Unknown EMS Scene Arrival Hour,98,Unknown if Arrived,88,Not Applicable (Not Transported),88,Not Applicable (Not Transported),1